<ParameterList name="Estimators">
  
  <ParameterList name="H Sphere Current">
    <Parameter name="Id" type="unsigned int" value="1"/>
    <Parameter name="Type" type="string" value="surface.current"/>
    <Parameter name="Particle Type" type="string" value="Neutron"/>
    <Parameter name="Multiplier" type="double" value="1.0"/>
    <ParameterList name="Bins">
      <Parameter name="Energy Bins" type="Array" 
		 value="{1.0000E-11, 109l, 1.0}"/>
    </ParameterList>
  </ParameterList>

  <ParameterList name="H Sphere Flux">
    <Parameter name="Id" type="unsigned int" value="2"/>
    <Parameter name="Type" type="string" value="cell.tl.flux"/>
    <Parameter name="Particle Type" type="string" value="Neutron"/>
    <Parameter name="Cells" type="Array" value="1"/>
    <Parameter name="Multiplier" type="double" value="1.0"/>
    <ParameterList name="Bins">
      <Parameter name="Energy Bins" type="Array" 
		 value="{1.0000E-11, 109l, 1.0}"/>
    </ParameterList>
  </ParameterList>

</ParameterList>
