<ParameterList name="Source">
  
  <ParameterList name="Point Source">
    <Parameter name="Id" type="int" value="1"/>

    <Parameter name="Particle Type" type="string" value="Neutron"/>
    
    <ParameterList name="Spatial Distribution">
      <Parameter name="X Distribution" type="Delta Distribution" value="{0}"/>
      <Parameter name="Y Distribution" type="Delta Distribution" value="{0}"/>
      <Parameter name="Z Distribution" type="Delta Distribution" value="{0}"/>
    </ParameterList>
    
    <Parameter name="Energy Distribution" type="Delta Distribution" 
	       value="{1.000001}"/>
  </ParameterList>

</ParameterList>
